name,value,domain,,,,,,,,,
g_state,"{""i_l"",www.linkedin.com,,,,,,,,,
li_at,AQEDAUBBybQAxdIOAAABjbIZHhung3M5RvwtV9prAVO4-uTPoODEihAGC3YcsP4dbhCANxUUJSoTLAcuTVvmeu9wMi8Ch0WPxgEFAz6DQ00Hb3ttcQPlpkP8Uuv4_zvUnBQB5PCje9KBtNgV2zvpa4GnEE0QTluc0T0B6JMg0rX3FmOGOuqE6TI7AR7kwi-uhXbPgPWVemFFtfYBqD9sfzYePsC0mtXyV5wTcH44QpdVcfvqjgiv-gX5H40SP2EkU5wCJd8f5lJg5lxeuY_Hd5nBastvJTDkLU,.www.linkedin.com,,,,,,,,,
li_theme_set,app,.www.linkedin.com,,,,,,,,,
timezone,Asia/Ctta,.www.linkedin.com,,,,,,,,,
bscookie,"""v=1&202T:06:t=1708632676:v=2:sig=AQE0waQHtpiSK5-5JlFMHAF0JJi9Q1oR""",.linkedin.com,,,,,,,,,
li_theme,light,.www.linkedin.com,,,,,,,,,
lang,v=2&lang=en-us,.linkedin.com,,,,,,,,,
dfpfpt,a9d23c52603447fd8df7ddf6344ae37d,.linkedin.com,,,,,,,,,
liap,TRUE,.linkedin.com,,,,,,,,,
visit,v=1&M,.linkedin.com,,,,,,,,,
bcookie,"""v=2&fd5f58fe-9415-4e86-8314-f6d826bb7f80""",.linkedin.com,,,,,,,,,
